-- MySQL dump 10.13  Distrib 8.0.22, for Linux (x86_64)
--
-- Host: localhost    Database: ner
-- ------------------------------------------------------
-- Server version	8.0.22

/*!40101 SET @OLD_CHARACTER_SET_CLIENT=@@CHARACTER_SET_CLIENT */;
/*!40101 SET @OLD_CHARACTER_SET_RESULTS=@@CHARACTER_SET_RESULTS */;
/*!40101 SET @OLD_COLLATION_CONNECTION=@@COLLATION_CONNECTION */;
/*!50503 SET NAMES utf8mb4 */;
/*!40103 SET @OLD_TIME_ZONE=@@TIME_ZONE */;
/*!40103 SET TIME_ZONE='+00:00' */;
/*!40014 SET @OLD_UNIQUE_CHECKS=@@UNIQUE_CHECKS, UNIQUE_CHECKS=0 */;
/*!40014 SET @OLD_FOREIGN_KEY_CHECKS=@@FOREIGN_KEY_CHECKS, FOREIGN_KEY_CHECKS=0 */;
/*!40101 SET @OLD_SQL_MODE=@@SQL_MODE, SQL_MODE='NO_AUTO_VALUE_ON_ZERO' */;
/*!40111 SET @OLD_SQL_NOTES=@@SQL_NOTES, SQL_NOTES=0 */;

--
-- Table structure for table `bpoc`
--

DROP TABLE IF EXISTS `bpoc`;
/*!40101 SET @saved_cs_client     = @@character_set_client */;
/*!50503 SET character_set_client = utf8mb4 */;
CREATE TABLE `bpoc` (
  `id` int NOT NULL AUTO_INCREMENT,
  `baseName` varchar(100) NOT NULL,
  PRIMARY KEY (`id`)
) ENGINE=InnoDB AUTO_INCREMENT=104 DEFAULT CHARSET=latin1;
/*!40101 SET character_set_client = @saved_cs_client */;

--
-- Dumping data for table `bpoc`
--

LOCK TABLES `bpoc` WRITE;
/*!40000 ALTER TABLE `bpoc` DISABLE KEYS */;
INSERT INTO `bpoc` VALUES (1,'ntsws'),(2,'plab'),(3,'hauv siab'),(4,'ntshav'),(5,'siab'),(6,'ntsiab muag'),(7,'ntiv tes ntiv taw'),(8,'qhov ncauj'),(9,'qhov muag'),(10,'pob ntseg'),(11,'taub hau'),(12,'pob qij txha'),(13,'tawv nqaij'),(14,'nqaij'),(15,'tob hau'),(16,'po'),(17,'hnyuv tws'),(18,'ntswg'),(19,'leeg'),(20,'di ncauj'),(21,'npab'),(22,'ceg'),(23,'tawv muag'),(24,'qa'),(25,'nhyav'),(26,'qog ntshav'),(27,'plab hnyuv'),(28,'ntshav liab'),(29,'ntshav platelets'),(30,'plawv'),(31,'raum'),(32,'hlwb'),(33,'nruab qaum'),(34,'tawv'),(35,'tes'),(36,'taw'),(37,'pob txha'),(38,'noob qes'),(39,'npluag plawv'),(40,'plab mog'),(41,'hlab noob qes'),(42,'qog'),(43,'tsib'),(44,'npluag hauv lub ntsws'),(45,'nplooj siab'),(46,'retina'),(47,'nqaij pob txha'),(48,'hlab ntsha'),(49,'ntsej muag'),(50,'qij txha'),(51,'chaw mos'),(52,'duav'),(53,'zais zis'),(54,'tsig nqaij'),(55,'tsev me nyuam'),(56,'npog hlwb'),(57,'npluag paj hlwb'),(58,'qhov ntswg'),(59,'txha'),(60,'qog ntshav caj dab'),(61,'qog ntshav puab tais'),(62,'caj npab'),(63,'qog caj dab'),(64,'nplaij'),(65,'ntiv tev'),(66,'caj dab'),(67,'plhu'),(68,'qij pob txha'),(69,'caj pas'),(70,'mis'),(71,'leeg pob qa'),(72,'leeg nqaij'),(73,'hlab ntsws'),(74,'hlab pas hlab ntsws'),(75,'tawv taub hau'),(76,'plaub hau'),(77,'rau tes rau taw'),(78,'tav'),(79,'nru'),(80,'pob tes pob taw'),(81,'roj ntsha'),(82,'ntshws'),(83,'npluag qhwv paj hlwb'),(84,'tsawj teg'),(85,'qab xib taws'),(86,'yas txha'),(87,'paj hlwb'),(88,'hnyuv'),(89,'qog nqaij'),(90,'nhyuv'),(91,'yag txha'),(92,'puab tsaig'),(93,'leeg nqaij puab tsaig'),(94,'leeg caj dab'),(95,'leeg caj npab'),(96,'leeg ceg'),(97,'leeg tuav plab'),(98,'qaub ncaug qog'),(99,'pob tsaig'),(100,'qog qaub ncaug'),(101,'hlab pas'),(102,'plab nyhuv quav'),(103,'qhov ntsej');
/*!40000 ALTER TABLE `bpoc` ENABLE KEYS */;
UNLOCK TABLES;

--
-- Table structure for table `dsyn`
--

DROP TABLE IF EXISTS `dsyn`;
/*!40101 SET @saved_cs_client     = @@character_set_client */;
/*!50503 SET character_set_client = utf8mb4 */;
CREATE TABLE `dsyn` (
  `id` int NOT NULL AUTO_INCREMENT,
  `baseName` varchar(100) NOT NULL,
  PRIMARY KEY (`id`)
) ENGINE=InnoDB AUTO_INCREMENT=97 DEFAULT CHARSET=latin1;
/*!40101 SET character_set_client = @saved_cs_client */;

--
-- Dumping data for table `dsyn`
--

LOCK TABLES `dsyn` WRITE;
/*!40000 ALTER TABLE `dsyn` DISABLE KEYS */;
INSERT INTO `dsyn` VALUES (1,'mob ntsws lawm'),(2,'mob paratyphoid'),(3,'mob bacteremia'),(4,'tus mob hnoos pertussis'),(5,'tus mob meningitis'),(6,'tus mob acute flaccid myelitis'),(7,'tus mob ntsws qhuav'),(8,'tus mob valley fever'),(9,'khaub thuas'),(10,'mob cab - amebiasis'),(11,'tus mob anthrax'),(12,'cov kab mob arboviral'),(13,'mob ntsws qhuav'),(14,'tus mob babesiosis'),(15,'tus mob blastomycosis'),(16,'tus mob botulism , raug lom ntawm kev noj haus'),(17,'kab mob lom me nyuam mos botulism , infant'),(18,'tus mob brucellosis'),(19,'mob plab ntswj / plab zawv liab campylobacteriosis'),(20,'tus mob ua qhua taum varicella'),(21,'kab mob kas cees'),(22,'mob plab zawv / thoj plab cholera'),(23,'qaug zog / si nkees ntev ntev chronic fatigue syndrome'),(24,'pseudomembranous colitis'),(25,'tus mob cryptosporidiosis'),(26,'tus mob cyclosporiasis'),(27,'congenital cmv infection'),(28,'ua npaws tshaj cum - dengue fever'),(29,'mob zawv plab liab'),(30,'tus mob anaplasmosis'),(31,'tus mob thib tsib'),(32,'tus mob giardiasis'),(33,'kab mob kas cees'),(34,'tus mob group b streptococcal , kis mus rau lwm qhov uas tsis muaj mob'),(35,'mob rau cov ntshav'),(36,'mob tes , taw thiab qhov ncauj'),(37,'salmonellosis'),(38,'hantavirus pulmonary syndrome'),(39,'tus mob hepatitis a'),(40,'tus mob rau daim siab ( hepatitis ) b'),(41,'tus mob rau daim siab c'),(42,'mob siab d - hepatitis d'),(43,'tus mob histoplasmosis'),(44,'acquired immune deficiency syndrome'),(47,'tus mob hemolytic uremic syndrome'),(48,'mob pob khaus - impetigo'),(49,'tus mob - infectious mononucleosis'),(50,'khaub thuas'),(51,'tus mob - kawasaki syndrome'),(52,'tus mob legionellosis'),(53,'mob ruas - leprosy'),(54,'tus mob leptospirosis'),(55,'tus mob - listeriosis'),(56,'tus mob lyme disease'),(57,'ua npaws malaria'),(58,'tus mob meningococcal disease'),(59,'khaub thuas'),(60,'pediculosis'),(61,'ntshauv pediculosis'),(62,'pseudomonas folliculitis'),(63,'tus mob - psittacosis'),(64,'tus mob rabies'),(65,'reptile - associated salmonellosis'),(66,'tus mob hnoos hawb'),(67,'mob txhab txiag ringworm'),(68,'tus mob - rocky mountain spotted fever'),(69,'mob zaws plab - salmonellosis'),(70,'tus mob – shigellosis'),(71,'qoob hlwv dej laus - shingles'),(72,'streptococcal'),(73,'otitis media'),(74,'swimmer\'s itch'),(75,'mob kas cees taug leeg syphilis'),(76,'tus mob toxic shock syndrome'),(77,'tus mob toxoplasmosis'),(78,'tus mob trichinellosis'),(79,'tus kab mob ntsws - tuberculosis'),(80,'tus mob - tularemia'),(81,'tus mob kub cev - typhoid fever'),(82,'tus mob - viral hemorrhagic fever'),(83,'kab mob npluag paj hlwb - viral meningitis'),(84,'tus mob yersiniosis'),(85,'tus mob puab tsaig txhav - tetanus'),(86,'kab mob tshaj cum - eastern equine encephalitis'),(87,'mob qog / tuav qog'),(88,'qoob qhua pias soob - rubella'),(89,'tus mob - reye syndrome'),(90,'mob plab nyhuv quav to los ntshav'),(91,'plague'),(92,'ua qhua pias / ua qoob'),(93,'lymphocytic choriomeningitis'),(94,'tus mob creutzfeldt - jakob disease'),(95,'mob ntsws muaj dej'),(96,'vibriosis ( non - cholera )');
/*!40000 ALTER TABLE `dsyn` ENABLE KEYS */;
UNLOCK TABLES;

--
-- Table structure for table `dsynNames`
--

DROP TABLE IF EXISTS `dsynNames`;
/*!40101 SET @saved_cs_client     = @@character_set_client */;
/*!50503 SET character_set_client = utf8mb4 */;
CREATE TABLE `dsynNames` (
  `id` int NOT NULL AUTO_INCREMENT,
  `dsynID` int NOT NULL,
  `name` varchar(100) NOT NULL,
  PRIMARY KEY (`id`)
) ENGINE=InnoDB AUTO_INCREMENT=241 DEFAULT CHARSET=latin1;
/*!40101 SET character_set_client = @saved_cs_client */;

--
-- Dumping data for table `dsynNames`
--

LOCK TABLES `dsynNames` WRITE;
/*!40000 ALTER TABLE `dsynNames` DISABLE KEYS */;
INSERT INTO `dsynNames` VALUES (1,1,'active TB'),(2,1,'tus kab mob ntsws tuberculosis'),(3,1,'tb'),(4,1,'kab mob TB'),(5,1,'tus kab mob TB'),(6,1,'latent TB infection'),(7,1,'ltbi'),(8,1,'active TB disease'),(9,1,'pulmonary TB'),(10,1,'khaub thuas'),(11,1,'tus kab mob ntsws'),(12,1,'mob TB'),(13,1,'tus kab mob ntsws TB'),(14,1,'tus TB'),(15,1,'tus mob TB'),(16,2,'mob ua npaws'),(17,2,'typhoid fever'),(18,2,'enteric fever'),(19,2,'tus mob paratyphoid'),(20,2,'tus mob typhoid'),(21,2,'tus mob enteric'),(22,2,'mob typhoid'),(23,2,'paratyphoid'),(24,2,'mob paratyphoid'),(25,3,'endocarditis'),(26,3,'osteomyelitis'),(27,4,'hnoos HAWB POB'),(28,4,'tus mob hnoos Pertussis'),(29,4,'hnoos hawb pob'),(30,4,'whooping cough'),(31,4,'khaub thuas'),(32,4,'tus Mob hnoos Pertussis'),(33,4,'tus mob hnoos pertussis'),(34,4,'diphtheria'),(35,4,'tetanus'),(36,4,'pertussis'),(37,7,'tuberculosis'),(38,7,'tus mob ntsws qhuav'),(39,7,'tus mob TB'),(40,7,'mob ntsws qhuav'),(41,7,'tb'),(42,7,'b2'),(43,7,'tus mob ntsws Qhuav'),(44,7,'tus mob Class B TB'),(45,7,'tus Mob TB'),(46,7,'tus mob ntsws Qhuav Class B'),(47,7,'latent TB infection'),(48,7,'ltbi'),(49,7,'tus MOB TB'),(50,10,'mob Cab Amebiasis'),(51,13,'crohn\'s disease'),(52,13,'tus mob atypical mycobacterial'),(53,13,'tuberculosis'),(54,16,'tus mob foodborne botulism'),(55,16,'mob botulism'),(56,16,'botulism , Infant'),(57,16,'foodborne botulism'),(58,19,'campylobacteriosis'),(59,19,'tus kab mob campylobacteriosis'),(60,19,'tus mob Guillain - Barré syndrome'),(61,20,'chickenpox'),(62,20,'tus mob ua qhua taum varicella'),(63,20,'tus mob ua qhua taum chickenpox'),(64,22,'mob plab zawv / thoj plab'),(65,22,'tus mob plab zawv / thoj plab'),(66,24,'antibiotic - associated diarrhea'),(67,24,'cdi'),(68,24,'tus mob CDI'),(69,24,'mob CDI'),(70,25,'tus mob Cryptosporidiosis'),(71,27,'perinatal CMV infection'),(72,28,'breakbone fever'),(73,28,'dengue hemorrhagic fever'),(74,28,'ua npaws tshaj cum - dengue fever'),(75,28,'tus npaws dengue fever'),(76,28,'tus npaws tsob ntshav'),(77,28,'mob npaws dengue'),(78,28,'tus npaws tsob ntshav - dengue hemorrhagic fever'),(79,28,'dhf'),(80,28,'npaws dengue'),(81,28,'ua npaws dengue'),(82,29,'hemolytic - uremic syndrome'),(83,29,'hus'),(84,29,'thrombotic thrombocytopenic purpura'),(85,29,'ttp'),(86,29,'tus mob HUS'),(87,29,'hud'),(88,35,'sepsis'),(89,35,'tus mob meningitis'),(90,35,'meningitis'),(91,35,'mob ntsws muaj dej'),(92,35,'mob epiglottitis'),(93,36,'hand , Foot and Mouth Disease'),(94,36,'hfmd'),(95,36,'tus mob ntawm tes , taw thiab qhov ncauj'),(96,36,'tus mob tes , taw thiab qhov ncauj'),(97,36,'tus mob HFMD'),(98,36,'tus mob rau daim npog hlwb'),(99,36,'meningitis'),(100,37,'shigellosis'),(101,37,'giardiasis'),(102,37,'amebiasis'),(103,37,'campylobacteriosis'),(104,37,'mob khaub thuas'),(105,37,'influenza'),(106,40,'tus mob rau daim siab ( Hepatitis ) B'),(107,40,'tus mob rau daim siab ( hepatitis ) B'),(108,41,'hepatitis C'),(109,41,'tus mob rau daim siab ( hepatitis ) C'),(110,41,'mob rau daim siab ( hepatitis ) C'),(111,41,'tus kab mob rau daim siab ( hepatitis ) C'),(112,42,'mob Siab D'),(113,42,'mob siab D'),(117,47,'tus mob Hemolytic Uremic Syndrome'),(118,47,'hemolytic Uremic Syndrome'),(119,48,'mob pob khaus - Impetigo'),(120,49,'mono'),(121,49,'ebv mononucleosis'),(122,49,'tus mob Infectious mononucleosis'),(123,49,'mob infectious mononucleosis'),(124,49,'tus mob infectious mononucleosis'),(125,49,'infectious mononucleosis'),(126,9,'influenza'),(127,9,'khaub thuas'),(128,9,'tus khaub thuas'),(129,9,'tus mob khaub thuas'),(130,9,'mob ntshav qab zib'),(131,9,'mob plawv'),(132,9,'mob ntsws'),(133,9,'mob raum'),(134,9,'mob ntshav sab'),(135,9,'anemia'),(136,9,'mob khaub thuas'),(137,53,'mob Ruas'),(138,55,'tus Mob Listeriosis'),(139,55,'tus mob Listeriosis'),(140,55,'tus mob listeriosis'),(141,57,'tus mob ua npaws'),(142,57,'ua npaws'),(143,57,'mob ua npaws'),(144,9,'stomach flu'),(145,9,'influenza'),(146,60,'dev mub , tuv ntau ntau'),(147,60,'typhus'),(148,61,'pediculosis'),(149,62,'tus kab mob Pseudomonas folliculitis'),(150,62,'tus mob Pseudomonas folliculitis'),(151,63,'ornithosis'),(152,63,'parrot fever'),(153,63,'tus Mob Psittacosis'),(154,63,'tus mob psittacosis'),(155,65,'reptile - associated salmonellosis'),(156,65,'reptile - associated samonellosis'),(157,67,'tinea'),(158,67,'txhab txiag'),(159,67,'tus mob txhab txiag'),(160,67,'tus txhab txiag'),(161,68,'tick - borne typhus fever'),(162,68,'tus mob Rocky Mountain spotted fever'),(163,68,'rmsf'),(164,68,'tus mob RMSF'),(165,70,'tus mob shigellosis'),(166,70,'shigellosis'),(167,71,'qoob hlwv dej laus - Shingles'),(168,71,'qoob hlwv dej laus'),(169,71,'qoob hlwv dej'),(170,71,'tus qoob hlwv dej'),(171,72,'mob qa'),(172,72,'strep Throat )'),(173,72,'streptococcal pharyngitis'),(174,72,'strep throat'),(175,72,'tus mob streptococcal pharyngitis'),(176,72,'tus mob streptococcoal pharyngitis'),(177,72,'scarlet fever'),(178,72,'tus mob pharyngitis'),(179,72,'mob ib ce ua kub ua no'),(180,72,'post - streptococcal glomerulonephritis'),(181,72,'tus mob ib ce ua kub ua no'),(182,72,'tus mob ua kub ua no'),(183,73,'meningitis'),(184,74,'cercarial dermatitis'),(185,74,'schistosome dermatitis'),(186,74,'swimmer\'s itch'),(187,74,'tus mob swimmer\'s itch'),(188,74,'tus kab mob swimmer\'s itch'),(189,76,'tus mob Toxic Shock Syndrome'),(190,79,'tb'),(191,79,'tus Kab Mob ntsws'),(192,79,'tuberculosis'),(193,79,'tus Kab mob ntsws Tuberculosis'),(194,79,'tus kab mob TB'),(195,79,'tus Kab Mob TB'),(196,79,'tus Kab mob TB'),(197,79,'tus mob TB'),(198,79,'tb infection'),(199,79,'tb disease'),(200,80,'rabbit fever'),(201,80,'tus Mob Tularemia'),(202,80,'tus mob Tularemia'),(203,80,'tus mob tularemia'),(204,80,'mob ntsws dej'),(205,80,'tus kab mob tularemia'),(206,81,'tus mob kub cev'),(207,81,'typhoid fever'),(208,81,'tus mob typhoid fever'),(209,81,'tus mob kub cev typhoid'),(210,81,'tus mob kub cev typhoid fever'),(211,81,'tus kab mob kub cev typhoid fever'),(212,82,'ebola Virus Hemorrhagic Fever'),(213,82,'marburg Virus Hemorrhagic Fever'),(214,82,'tus mob - Viral Hemorrhagic Fever'),(215,82,'tus mob viral hemorrhagic fever'),(216,82,'tus mob Viral hemorrhagic fever'),(217,82,'tus kab mob Ebola hemorrhagic fever'),(218,82,'tus kab mob Marburg hemorrhagic fever'),(219,82,'tus mob Ebola'),(220,82,'tus mob Marburg hemorrhagic fever'),(221,84,'tus mob Yersiniosis'),(222,86,'eee'),(223,86,'kab Mob Tshaj Cum - eastern equine encephalitis'),(224,86,'tus mob Eastern equine encephalitis'),(225,86,'tus mob EEE'),(226,88,'qoob Qhua Pias Soob Rubella'),(227,89,'tus Mob Reye Syndrome'),(228,89,'tus mob Reye Syndrome'),(229,91,'tus mob plague'),(230,91,'tus kab mob ntsws muaj dej plague'),(231,91,'plague pneumonia'),(232,91,'tus mob bubonic plague'),(233,91,'bubonic plague'),(234,91,'mob plague'),(235,91,'pneumonic plague'),(236,91,'tus mob pneumonic plague'),(237,91,'tus mob bubonic'),(238,91,'tus mob plague pneumonia'),(239,93,'khaub thuas'),(240,93,'mob cancer');
/*!40000 ALTER TABLE `dsynNames` ENABLE KEYS */;
UNLOCK TABLES;

--
-- Table structure for table `relationDsynHasSosy`
--

DROP TABLE IF EXISTS `relationDsynHasSosy`;
/*!40101 SET @saved_cs_client     = @@character_set_client */;
/*!50503 SET character_set_client = utf8mb4 */;
CREATE TABLE `relationDsynHasSosy` (
  `id` int NOT NULL AUTO_INCREMENT,
  `dsynID` int NOT NULL,
  `sosyID` int NOT NULL,
  PRIMARY KEY (`id`)
) ENGINE=InnoDB AUTO_INCREMENT=891 DEFAULT CHARSET=latin1;
/*!40101 SET character_set_client = @saved_cs_client */;

--
-- Dumping data for table `relationDsynHasSosy`
--

LOCK TABLES `relationDsynHasSosy` WRITE;
/*!40000 ALTER TABLE `relationDsynHasSosy` DISABLE KEYS */;
INSERT INTO `relationDsynHasSosy` VALUES (1,1,1),(2,1,2),(3,1,3),(4,1,4),(5,1,5),(6,1,6),(7,1,7),(8,1,8),(9,1,9),(10,1,10),(11,1,11),(12,1,12),(13,1,13),(14,1,14),(15,1,15),(16,1,16),(17,1,17),(18,1,18),(19,1,19),(20,1,20),(21,1,21),(22,1,22),(23,1,23),(24,1,24),(25,1,25),(26,1,26),(27,1,27),(28,1,28),(29,1,29),(30,1,30),(31,1,31),(32,2,28),(33,2,32),(34,2,33),(35,2,34),(36,2,14),(37,2,35),(38,2,36),(39,2,37),(40,2,38),(41,2,39),(42,2,40),(43,2,41),(44,3,42),(45,3,1),(46,4,2),(47,4,43),(48,4,44),(49,4,32),(50,4,45),(51,4,14),(52,4,42),(53,4,3),(54,4,46),(55,5,47),(56,5,48),(57,5,32),(58,5,49),(59,5,50),(60,5,2),(61,5,3),(62,5,51),(63,5,43),(64,5,52),(65,5,53),(66,5,54),(67,6,55),(68,6,56),(69,6,47),(70,6,57),(71,6,58),(72,6,59),(73,6,16),(74,6,60),(75,6,61),(76,6,62),(77,6,63),(78,6,64),(79,6,65),(80,6,66),(81,6,67),(82,6,68),(83,7,1),(84,8,28),(85,8,69),(86,8,2),(87,8,70),(88,8,71),(89,8,72),(90,8,27),(91,8,16),(92,8,47),(93,9,48),(94,9,2),(95,9,3),(96,9,28),(97,9,51),(98,9,73),(99,9,74),(100,9,32),(101,9,43),(102,9,75),(103,9,76),(104,9,77),(105,9,42),(106,10,78),(107,10,35),(108,10,79),(109,10,15),(110,10,80),(111,10,81),(112,10,82),(113,11,83),(114,11,84),(115,11,85),(116,11,86),(117,11,87),(118,11,88),(119,11,89),(120,11,90),(121,11,65),(122,11,91),(123,11,92),(124,11,93),(125,11,17),(126,11,16),(127,11,14),(128,11,32),(129,11,15),(130,11,35),(131,11,94),(132,12,81),(133,12,95),(134,12,96),(135,12,97),(136,12,98),(137,12,99),(138,12,100),(139,12,101),(140,12,83),(141,13,1),(142,13,2),(143,13,102),(144,13,103),(145,13,81),(146,13,56),(147,13,79),(148,14,104),(149,14,32),(150,14,28),(151,14,105),(152,14,99),(153,14,96),(154,14,72),(155,14,16),(156,14,17),(157,14,10),(158,14,106),(159,14,107),(160,14,108),(161,14,19),(162,14,109),(163,14,110),(164,14,111),(165,14,112),(166,14,113),(167,14,114),(168,14,83),(169,15,32),(170,15,115),(171,15,2),(172,15,65),(173,15,71),(174,15,116),(175,15,117),(176,15,118),(177,16,119),(178,16,120),(179,16,121),(180,16,122),(181,16,123),(182,16,124),(183,16,125),(184,16,126),(185,16,55),(186,16,127),(187,16,128),(188,16,83),(189,17,129),(190,17,130),(191,17,131),(192,17,132),(193,17,32),(194,17,133),(195,17,83),(196,17,56),(197,17,65),(198,18,134),(199,18,135),(200,18,96),(201,18,10),(202,18,136),(203,18,137),(204,18,115),(205,18,79),(206,18,138),(207,18,139),(208,19,80),(209,19,140),(210,19,35),(211,19,6),(212,19,141),(213,19,142),(214,19,32),(215,19,17),(216,19,14),(217,19,83),(218,19,119),(219,20,143),(220,20,86),(221,20,144),(222,20,32),(223,20,145),(224,20,16),(225,20,96),(226,20,85),(227,20,146),(228,21,15),(229,21,147),(230,21,148),(231,21,149),(232,22,150),(233,22,151),(234,22,152),(235,22,14),(236,22,153),(237,22,32),(238,22,35),(239,23,10),(240,23,132),(241,23,9),(242,23,154),(243,23,32),(244,23,155),(245,23,156),(246,23,72),(247,23,157),(248,23,158),(249,23,159),(250,23,160),(251,23,161),(252,23,162),(253,24,35),(254,24,15),(255,24,163),(256,24,164),(257,24,165),(258,24,80),(259,25,166),(260,25,80),(261,25,17),(262,25,14),(263,25,81),(264,25,167),(265,25,16),(266,25,168),(267,25,169),(268,25,170),(269,25,35),(270,25,171),(271,26,35),(272,26,15),(273,26,172),(274,26,173),(275,26,79),(276,26,80),(277,26,174),(278,26,175),(279,26,176),(280,26,56),(281,27,81),(282,27,132),(283,27,177),(284,27,74),(285,27,1),(286,27,178),(287,28,28),(288,28,179),(289,28,180),(290,28,181),(291,28,96),(292,28,182),(293,28,16),(294,28,35),(295,28,145),(296,28,81),(297,28,183),(298,28,184),(299,28,14),(300,28,185),(301,28,15),(302,28,186),(303,28,187),(304,28,83),(305,29,188),(306,29,6),(307,29,189),(308,29,15),(309,29,81),(310,29,35),(311,30,47),(312,30,32),(313,30,28),(314,30,96),(315,30,72),(316,30,105),(317,30,99),(318,30,10),(319,30,106),(320,30,17),(321,30,14),(322,30,35),(323,30,190),(324,31,145),(325,31,32),(326,31,51),(327,31,96),(328,31,191),(329,31,85),(330,31,192),(331,31,193),(332,31,194),(333,32,35),(334,32,175),(335,32,195),(336,32,196),(337,32,80),(338,32,17),(339,32,15),(340,32,171),(341,32,197),(342,21,198),(343,21,199),(344,21,200),(345,21,201),(346,21,202),(347,21,203),(348,21,204),(349,21,205),(350,34,206),(351,34,207),(352,34,208),(353,34,209),(354,34,42),(355,34,210),(356,34,211),(357,34,212),(358,34,213),(359,34,214),(360,34,215),(361,35,216),(362,35,217),(363,35,213),(364,35,42),(365,35,218),(366,35,219),(367,35,220),(368,35,212),(369,36,171),(370,36,32),(371,36,16),(372,36,74),(373,36,221),(374,36,222),(375,36,223),(376,36,224),(377,36,213),(378,37,15),(379,37,2),(380,37,3),(381,38,32),(382,38,105),(383,38,65),(384,38,72),(385,38,17),(386,38,2),(387,38,132),(388,38,10),(389,38,14),(390,38,96),(391,38,35),(392,38,26),(393,38,225),(394,39,132),(395,39,10),(396,39,32),(397,39,17),(398,39,16),(399,39,226),(400,39,19),(401,39,227),(402,40,32),(403,40,28),(404,40,117),(405,40,10),(406,40,173),(407,40,228),(408,40,229),(409,40,14),(410,40,15),(411,40,230),(412,40,231),(413,40,27),(414,40,19),(415,40,232),(416,41,233),(417,41,132),(418,41,56),(419,41,234),(420,41,235),(421,41,14),(422,41,15),(423,41,236),(424,41,237),(425,41,238),(426,41,239),(427,42,132),(428,42,16),(429,42,81),(430,42,14),(431,42,240),(432,42,241),(433,42,145),(434,42,242),(435,42,243),(436,43,2),(437,43,45),(438,43,96),(439,43,42),(440,43,244),(441,43,233),(442,43,16),(443,44,81),(444,44,96),(445,44,10),(446,44,245),(447,44,246),(448,44,247),(449,44,79),(450,44,47),(455,47,255),(456,47,39),(457,47,256),(458,47,35),(459,48,257),(460,48,258),(461,48,259),(462,48,260),(463,48,261),(464,48,262),(465,48,32),(466,48,74),(467,48,81),(468,48,145),(469,48,115),(470,48,96),(471,48,14),(472,49,81),(473,49,74),(474,49,263),(475,49,132),(476,49,264),(477,9,115),(478,9,96),(479,9,265),(480,9,266),(481,51,267),(482,51,177),(483,51,268),(484,51,269),(485,52,32),(486,52,72),(487,52,96),(488,52,56),(489,52,270),(490,52,16),(491,52,2),(492,52,271),(493,52,35),(494,53,272),(495,53,273),(496,53,274),(497,53,275),(498,53,276),(499,54,277),(500,54,115),(501,54,278),(502,54,96),(503,54,279),(504,54,15),(505,54,14),(506,54,35),(507,54,280),(508,54,281),(509,54,282),(510,54,283),(511,54,83),(512,55,81),(513,55,284),(514,55,115),(515,55,17),(516,55,35),(517,55,285),(518,55,96),(519,55,286),(520,55,100),(521,55,287),(522,55,47),(523,56,288),(524,56,32),(525,56,28),(526,56,96),(527,56,289),(528,56,72),(529,56,290),(530,56,291),(531,56,292),(532,56,293),(533,56,294),(534,56,295),(535,57,28),(536,57,32),(537,57,115),(538,57,99),(539,57,96),(540,57,72),(541,57,10),(542,57,156),(543,57,7),(544,57,296),(545,57,83),(546,58,32),(547,58,96),(548,58,14),(549,58,297),(550,58,298),(551,58,299),(552,58,132),(553,58,300),(554,58,97),(555,58,301),(556,58,302),(557,58,303),(558,58,304),(559,58,47),(560,9,14),(561,9,35),(562,9,80),(563,9,15),(564,9,305),(565,9,306),(566,9,307),(567,9,72),(568,9,105),(569,9,99),(570,9,10),(571,9,106),(572,60,32),(573,60,308),(574,61,309),(575,62,156),(576,62,17),(577,62,14),(578,62,310),(579,62,74),(580,62,257),(581,62,73),(582,62,311),(583,62,32),(584,63,81),(585,63,96),(586,63,115),(587,63,72),(588,63,1),(589,63,265),(590,63,47),(591,64,312),(592,64,96),(593,64,81),(594,64,313),(595,64,314),(596,64,100),(597,64,283),(598,64,315),(599,64,83),(600,65,316),(601,65,15),(602,65,32),(603,65,14),(604,66,1),(605,66,317),(606,66,318),(607,66,319),(608,66,320),(609,66,321),(610,66,16),(611,66,322),(612,66,170),(613,66,81),(614,67,323),(615,67,324),(616,67,325),(617,67,326),(618,67,327),(619,67,328),(620,67,329),(621,67,330),(622,67,331),(623,68,81),(624,68,96),(625,68,132),(626,68,332),(627,68,115),(628,68,145),(629,69,333),(630,69,334),(631,69,15),(632,69,32),(633,69,14),(634,69,35),(635,70,80),(636,70,81),(637,70,335),(638,70,35),(639,71,336),(640,71,85),(641,71,337),(642,71,338),(643,71,339),(644,72,74),(645,72,340),(646,72,341),(647,72,342),(648,72,132),(649,72,343),(650,72,344),(651,72,2),(652,72,345),(653,72,51),(654,72,81),(655,72,145),(656,72,32),(657,72,72),(658,72,346),(659,72,111),(660,72,347),(661,72,348),(662,72,349),(663,72,350),(664,72,351),(665,72,352),(666,72,353),(667,72,354),(668,73,355),(669,73,356),(670,73,357),(671,73,2),(672,73,3),(673,73,358),(674,74,359),(675,74,360),(676,74,361),(677,74,362),(678,75,363),(679,75,364),(680,75,365),(681,75,366),(682,75,367),(683,75,368),(684,75,369),(685,75,370),(686,75,371),(687,75,9),(688,75,372),(689,76,81),(690,76,373),(691,76,374),(692,76,35),(693,76,14),(694,76,84),(695,77,81),(696,77,177),(697,77,375),(698,77,132),(699,77,376),(700,77,377),(701,77,378),(702,78,379),(703,78,17),(704,78,14),(705,78,380),(706,78,35),(707,78,32),(708,78,105),(709,78,99),(710,78,72),(711,78,381),(712,78,382),(713,78,132),(714,78,10),(715,78,56),(716,78,2),(717,79,1),(718,79,2),(719,79,3),(720,79,383),(721,79,71),(722,79,384),(723,79,9),(724,79,385),(725,79,79),(726,79,16),(727,79,115),(728,79,81),(729,79,386),(730,80,387),(731,80,388),(732,80,389),(733,80,390),(734,80,35),(735,80,14),(736,80,81),(737,80,1),(738,81,81),(739,81,96),(740,81,16),(741,81,391),(742,81,35),(743,81,265),(744,82,81),(745,82,72),(746,82,96),(747,82,240),(748,82,14),(749,82,35),(750,82,15),(751,82,74),(752,82,145),(753,82,71),(754,82,392),(755,82,393),(756,82,83),(757,83,81),(758,83,96),(759,83,285),(760,83,17),(761,83,132),(762,83,321),(763,83,385),(764,83,394),(765,83,395),(766,83,396),(767,83,167),(768,84,81),(769,84,15),(770,84,188),(771,84,397),(772,84,398),(773,84,399),(774,85,400),(775,85,33),(776,85,401),(777,85,402),(778,85,403),(779,85,404),(780,85,405),(781,85,48),(782,85,406),(783,85,407),(784,85,408),(785,85,318),(786,86,81),(787,86,96),(788,86,409),(789,86,132),(790,86,410),(791,86,285),(792,86,99),(793,86,283),(794,86,411),(795,86,412),(796,86,100),(797,86,83),(798,87,155),(799,87,413),(800,87,414),(801,87,415),(802,87,416),(803,87,417),(804,87,418),(805,87,419),(806,87,96),(807,87,56),(808,87,16),(809,87,72),(810,87,420),(811,87,421),(812,87,422),(813,88,421),(814,88,420),(815,88,423),(816,88,81),(817,88,263),(818,88,424),(819,88,83),(820,88,414),(821,89,421),(822,89,425),(823,89,81),(824,89,14),(825,89,17),(826,89,426),(827,89,321),(828,89,303),(829,89,427),(830,89,286),(831,89,98),(832,89,428),(833,90,188),(834,90,80),(835,90,6),(836,90,14),(837,90,81),(838,90,429),(839,91,42),(840,91,2),(841,91,430),(842,91,431),(843,91,32),(844,91,28),(845,91,33),(846,91,132),(847,91,65),(848,91,432),(849,91,433),(850,92,420),(851,92,421),(852,92,28),(853,92,51),(854,92,2),(855,92,434),(856,92,74),(857,92,435),(858,92,436),(859,92,35),(860,92,437),(861,92,56),(862,92,438),(863,92,439),(864,92,155),(865,92,413),(866,93,32),(867,93,440),(868,93,34),(869,93,72),(870,93,156),(871,93,17),(872,93,14),(873,93,83),(874,94,47),(875,94,441),(876,94,442),(877,94,55),(878,94,83),(879,95,42),(880,95,443),(881,95,444),(882,96,35),(883,96,445),(884,96,212),(885,96,14),(886,96,446),(887,96,447),(888,96,15),(889,96,448),(890,96,449);
/*!40000 ALTER TABLE `relationDsynHasSosy` ENABLE KEYS */;
UNLOCK TABLES;

--
-- Table structure for table `relationSosyAffectsBpoc`
--

DROP TABLE IF EXISTS `relationSosyAffectsBpoc`;
/*!40101 SET @saved_cs_client     = @@character_set_client */;
/*!50503 SET character_set_client = utf8mb4 */;
CREATE TABLE `relationSosyAffectsBpoc` (
  `id` int NOT NULL AUTO_INCREMENT,
  `sosyID` int NOT NULL,
  `bpocID` int NOT NULL,
  PRIMARY KEY (`id`)
) ENGINE=InnoDB AUTO_INCREMENT=300 DEFAULT CHARSET=latin1;
/*!40101 SET character_set_client = @saved_cs_client */;

--
-- Dumping data for table `relationSosyAffectsBpoc`
--

LOCK TABLES `relationSosyAffectsBpoc` WRITE;
/*!40000 ALTER TABLE `relationSosyAffectsBpoc` DISABLE KEYS */;
INSERT INTO `relationSosyAffectsBpoc` VALUES (1,1,1),(2,6,2),(3,11,3),(4,12,4),(5,15,2),(6,17,5),(7,18,6),(8,20,7),(9,22,8),(10,23,9),(11,24,10),(12,26,11),(13,27,12),(14,29,13),(15,30,4),(16,31,14),(17,33,15),(18,35,2),(19,36,16),(20,39,4),(21,40,17),(22,42,1),(23,44,18),(24,50,19),(25,53,20),(26,55,21),(27,55,22),(28,57,21),(29,57,22),(30,58,14),(31,60,23),(32,62,9),(33,66,14),(34,67,14),(35,68,14),(36,71,3),(37,74,24),(38,76,24),(39,78,25),(40,80,2),(41,88,14),(42,89,26),(43,91,4),(44,92,27),(45,93,27),(46,94,4),(47,95,11),(48,96,11),(49,103,1),(50,104,28),(51,107,4),(52,108,29),(53,109,16),(54,109,5),(55,111,30),(56,112,31),(57,113,5),(58,114,32),(59,116,33),(60,118,13),(61,118,34),(62,119,35),(63,119,36),(64,120,9),(65,122,23),(66,124,8),(67,126,19),(68,128,1),(69,136,26),(70,139,37),(71,139,38),(72,139,39),(73,140,2),(74,141,2),(75,142,2),(76,147,40),(77,148,38),(78,149,41),(79,150,2),(80,151,2),(81,152,2),(82,154,24),(83,155,42),(84,156,15),(85,157,35),(86,157,36),(87,161,5),(88,165,4),(89,166,2),(90,167,11),(91,168,43),(92,169,44),(93,170,1),(94,172,2),(95,173,2),(96,175,2),(97,176,2),(98,177,26),(99,178,45),(100,178,6),(101,178,46),(102,182,47),(103,182,12),(104,183,4),(105,184,4),(106,187,48),(107,187,30),(108,188,2),(109,189,4),(110,191,49),(111,192,50),(112,193,12),(113,194,12),(114,198,51),(115,201,51),(116,203,52),(117,205,40),(118,206,53),(119,207,4),(120,208,13),(121,209,54),(122,210,53),(123,211,55),(124,212,4),(125,213,56),(126,214,32),(127,215,56),(128,216,57),(129,217,58),(130,217,10),(131,217,13),(132,218,1),(133,221,8),(134,223,13),(135,224,8),(136,225,40),(137,227,13),(138,227,9),(139,228,5),(140,229,11),(141,232,13),(142,232,9),(143,235,2),(144,238,12),(145,239,13),(146,239,9),(147,240,59),(148,243,13),(149,243,6),(150,244,12),(151,245,60),(152,245,61),(155,255,31),(156,256,4),(157,262,22),(158,262,62),(159,262,49),(160,263,63),(161,264,5),(162,264,16),(163,266,14),(164,266,12),(165,268,9),(166,268,20),(167,268,24),(168,268,64),(169,269,35),(170,269,65),(171,269,34),(172,272,13),(173,273,58),(174,273,4),(175,274,6),(176,275,13),(177,276,35),(178,276,36),(179,280,13),(180,281,57),(181,282,5),(182,282,31),(183,284,47),(184,285,66),(185,289,66),(186,290,12),(187,291,56),(188,291,32),(189,292,67),(190,292,14),(191,293,30),(192,294,50),(193,295,68),(194,297,69),(195,304,70),(196,305,2),(197,306,4),(198,307,2),(199,309,15),(200,310,2),(201,73,18),(202,311,9),(203,314,71),(204,314,72),(205,316,2),(206,317,73),(207,319,10),(208,319,1),(209,322,74),(210,327,75),(211,328,76),(212,330,77),(213,332,47),(214,333,2),(215,334,2),(216,335,2),(217,336,13),(218,338,78),(219,338,49),(220,340,24),(221,341,15),(222,342,69),(223,343,79),(224,344,8),(225,345,24),(226,346,31),(227,347,80),(228,350,13),(229,353,9),(230,354,4),(231,355,10),(232,356,81),(233,357,82),(234,358,81),(235,358,83),(236,360,13),(237,363,14),(238,366,84),(239,366,85),(240,367,8),(241,367,51),(242,368,76),(243,369,51),(244,373,4),(245,374,31),(246,376,47),(247,376,86),(248,377,1),(249,378,87),(250,379,88),(251,380,40),(252,381,49),(253,381,9),(254,384,4),(255,387,13),(256,388,89),(257,389,24),(258,390,90),(259,240,91),(260,392,4),(261,393,4),(262,397,40),(263,398,86),(264,400,92),(265,403,93),(266,404,94),(267,405,95),(268,405,96),(269,405,97),(270,406,19),(271,407,37),(272,408,24),(273,410,68),(274,411,87),(275,415,8),(276,415,98),(277,416,67),(278,417,99),(279,417,10),(280,419,100),(281,419,99),(282,424,101),(283,429,102),(284,429,4),(285,430,42),(286,432,4),(287,433,42),(288,434,9),(289,436,103),(290,438,9),(291,439,76),(292,439,62),(293,439,22),(294,440,66),(295,442,14),(296,445,13),(297,446,48),(298,448,4),(299,449,34);
/*!40000 ALTER TABLE `relationSosyAffectsBpoc` ENABLE KEYS */;
UNLOCK TABLES;

--
-- Table structure for table `sosy`
--

DROP TABLE IF EXISTS `sosy`;
/*!40101 SET @saved_cs_client     = @@character_set_client */;
/*!50503 SET character_set_client = utf8mb4 */;
CREATE TABLE `sosy` (
  `id` int NOT NULL AUTO_INCREMENT,
  `baseName` varchar(300) DEFAULT NULL,
  PRIMARY KEY (`id`)
) ENGINE=InnoDB AUTO_INCREMENT=450 DEFAULT CHARSET=latin1;
/*!40101 SET character_set_client = @saved_cs_client */;

--
-- Dumping data for table `sosy`
--

LOCK TABLES `sosy` WRITE;
/*!40000 ALTER TABLE `sosy` DISABLE KEYS */;
INSERT INTO `sosy` VALUES (1,'mob ntsws'),(2,'hnoos'),(3,'txham'),(4,'hnoo'),(5,'poob phau'),(6,'zawv plab'),(7,'tawm hws'),(8,'ib ces txias'),(9,'nkees nkees'),(10,'qaug zog'),(11,'hauv siab ceev ceev'),(12,'hnoo tau ntshav'),(13,'hnoo qeev'),(14,'ntuav'),(15,'mob plab'),(16,'tsis qab los'),(17,'xeev siab'),(18,'ntsiab muag daj'),(19,'daj ntseg'),(20,'ntiv tes ntiv taw cau yaum'),(21,'loog'),(22,'qhov ncauj cau yaum'),(23,'qhov muag plooj tsis pom kev zoo'),(24,'pob ntseg nrov nrov'),(25,'tsis hnov lus zoo'),(26,'kiv taub hau'),(27,'mob tej pob qij txha'),(28,'ua npaws'),(29,'tawv nqaij xoo pob liab vog'),(30,'los ntshav'),(31,'nqaij doog yooj yim'),(32,'kub ib ce'),(33,'mob tob hau'),(34,'tsis qab los noj mov'),(35,'raws plab'),(36,'tus po kheev o tuaj'),(37,'tej thaj liab doog'),(38,'cov thaj liab doog'),(39,'tsob ntshav'),(40,'mob hnyuv tws'),(41,'mob chob nkuav'),(42,'mob ntsws muaj dej'),(43,'hawb pob'),(44,'los kua ntswg'),(45,'hnoos qhuav qhawv'),(46,'hnov ib lub suab “ hawb ”'),(47,'raws'),(48,'ua pa nyuaj'),(49,'tawm pob liab'),(50,'mob rau tej leeg'),(51,'los ntswg'),(52,'vuag tsis taus pa'),(53,'ob sab di ncauj xiav tuaj'),(54,'vuag kom ua taus pa'),(55,'tuag npab tuag ceg'),(56,'tsis muaj zog'),(57,'sab npab los yog sab ceg tsis muaj zog'),(58,'tej nqaij tsis nruj li qub thiab xoob tuaj'),(59,'lub ntsej muag nrwg los yog tsis muaj zog'),(60,'daim tawv muag nrwg'),(61,'nqos tsis tau khoom noj los yog dej haus'),(62,'txav tsis tau lub qhov muag mus los'),(63,'hais lus txha'),(64,'tsis muaj lub muaj log'),(65,'ua tsis taus pa'),(66,'tej nqaij tsis muaj zog'),(67,'nqaij xoob'),(68,'nqaij tsis nruj los yog tsis ceev'),(69,'tawm hwm hmo ntuj'),(70,'hnov zoo li sab heev'),(71,'mob hauv siab'),(72,'mob ib ce'),(73,'txhaws ntswg'),(74,'mob qa'),(75,'mob hawb pob'),(76,'txhaws qa'),(77,'hais lus tsis nrov'),(78,'mob nhyav'),(79,'poob ceeb thawj'),(80,'mob plab ntswj'),(81,'kub cev'),(82,'paug'),(83,'tuag'),(84,'sawv pob'),(85,'khaus'),(86,'sawv hlwv'),(87,'qawj ua kiav txhab'),(88,'nqaij tuag'),(89,'qog ntshav nyob ze thaj tsam ntawd yuav o'),(90,'mob li tau khaub thuas'),(91,'ntshav khiav tsis txaus rau lub cev'),(92,'mob plab hnyuv'),(93,'plab hnyuv quav mob o'),(94,'ntuav tau ntshav'),(95,'diav taub hau'),(96,'mob taub hau'),(97,'tsis meej pem'),(98,'tsis nco qab hlias'),(99,'tshee'),(100,'nriaj'),(101,'ib ce muag nthas'),(102,'hnoos qeev ntau zuj zus'),(103,'ntsws tsis khoob zoo'),(104,'ua mob rau cov ntshav liab'),(105,'ua daus no ntxiag'),(106,'zog ntaug'),(107,'cov ntshav tsuag'),(108,'muaj cov ntshav platelets tsawg'),(109,'tus po thiab daim siab loj tuaj'),(110,'ua pas nyuaj'),(111,'plawv nres'),(112,'raum tsis ua hauj lwm'),(113,'mob rau daim siab'),(114,'hlwb khiav tsis zoo'),(115,'ua daus no'),(116,'mob nruab qaum'),(117,'hnov nkees'),(118,'ua mob rau tej tawv nqaij ua tej thooj tawv nkig nkuav thiab loj ua tej daim'),(119,'tuag tes tuag taw'),(120,'qhov muag plooj'),(121,'pom ob txheej'),(122,'tawv muag ntxi'),(123,'nqos nyuaj'),(124,'qhov ncauj qhuav'),(125,'hais lus tsis meej'),(126,'tsaug leeg'),(127,'lub cev tsis muaj zog'),(128,'lub ntsws ua tsis taus pa'),(129,'tso quav tawv'),(130,'tsis tshua noj mis'),(131,'tsis tshua nquag xam ub xam no'),(132,'nkees'),(133,'yuav pib mob me ntsis mus rau mob heev hauj sim'),(134,'kub cev ua tej ntwb ntu'),(135,'kub ntev tsis sib xws'),(136,'cov qog ntshav o'),(137,'tawm hws heev'),(138,'mob ib ce thoob plaws'),(139,'mob rau cov pob txha , noob qes , thiab daim npluag plawv'),(140,'plab zawv liab'),(141,'ntswj plab'),(142,'mob thoob plaws lub plab'),(143,'tawm ib cov pob khaus'),(144,'nkees tsis muaj zog'),(145,'tawm pob'),(146,'sawv cov hlwv muaj dej uas tig mus ua kiav txhab'),(147,'mob plab mog khuj khuav'),(148,'ob lub noob qes mob'),(149,'txoj hlab noob qes txhaws'),(150,'mob plab zawv'),(151,'thoj plab'),(152,'zawv plab me ntsis mus txog qhov raws plab'),(153,'lub cev qhuav'),(154,'nroo tias mob qa'),(155,'mob qog'),(156,'dias tob hau'),(157,'mob yas tes yas taw'),(158,'tsis muaj ib lub zog li'),(159,'nyob tsis tau ze tej qhov muaj teeb ci'),(160,'pw tsim dhuj dheev'),(161,'nyuab siab'),(162,'tswj tsis tau tus kheej'),(163,'tso quav ua kua tuab nto'),(164,'tsw phem'),(165,'tso quav ntshav ua ntswg lej'),(166,'ua raws plab tso quav ua kua'),(167,'dias taub hau'),(168,'mob tsib'),(169,'ua daim npluag hauv lub ntsws mob'),(170,'mob ntsws dej'),(171,'lub cev qhuav dej'),(172,'raws plab muaj dej ntau'),(173,'tsis hnov tshaib plab'),(174,'dim paus'),(175,'tsam plab'),(176,'hnov mob rau koj lub plab'),(177,'qog ntshav o'),(178,'daim nplooj siab thiab ntsiab muag ( retina ) o'),(179,'npaws'),(180,'pib kub cev sai'),(181,'kub ntev'),(182,'mob nqaij pob txha thiab pob qij txha'),(183,'ntshav yuav tsis koos zoo'),(184,'muaj tsob ntshav hauv nruab nrog cev'),(185,'kub nrog nruab cev siab'),(186,'mob txhawm chim'),(187,'hlab ntsha nruab plawv yuav tsis ua hauj lwm'),(188,'zawv plab liab'),(189,'tso quav ntshav'),(190,'ua pob liab vog'),(191,'tawm ib cov pob liab rau ntawm koj lub ntsej muag'),(192,'mob thiab o rau ntawm cov qij txha'),(193,'mob thiab o rau tej pob qij txha'),(194,'mob pob qij txha thiab o'),(195,'tso paus'),(196,'cov quav muaj roj uas ntab tuaj / tsis tog'),(197,'noj tsis haum rau cov khoom uas muab mis nyuj ua'),(198,'paug tawm ntawm qhov chaw mos los'),(199,'thaum tso zis yuav mob'),(200,'tso zis khuj khuav'),(201,'paug tawm hauv qhov chaw mos los'),(202,'tso zis mob'),(203,'mob ntshag duav'),(204,'tshwm paj npluj nplis lub caij ces tsis tau ntas'),(205,'mob plab mog'),(206,'ua mob rau lub zais zis'),(207,'ua mob rau cov ntshav'),(208,'ua mob rau daim tawv nqaij'),(209,'tsig nqaij muag'),(210,'mob rau lub zais zis'),(211,'mob rau lub tsev me nyuam'),(212,'mob rau cov ntshav'),(213,'mob rau daim npog hlwb'),(214,'hlwb o'),(215,'mob rau daim npog hlwb ntau dua'),(216,'mob mus rau daim npluag paj hlwb'),(217,'mob rau hauv qhov ntswg , hauv pob ntseg thiab daim tawv nqaij'),(218,'mob rau cov ntsws'),(219,'mob epiglottitis'),(220,'o rau ntawm cov chaw ua pa'),(221,'sawv hlwv rau hauv lub qhov ncauj'),(222,'tej thaj me me uas yuav sawv ua hlwv thiab kheev yuav ua kiav txhab'),(223,'tawm pob liab rau ntawm tej tawv nqaij'),(224,'tawm hlwv rau hauv lub qhov ncauj'),(225,'mob rau cheeb tsam plab mog'),(226,'tso zis muaj tsos dub'),(227,'daj rau tej tawv nqaij thiab dawb rau ob lub qhov muag'),(228,'neev siab'),(229,'hnov kiv taub hau'),(230,'tso cov zis muaj tsos dub'),(231,'tso cov quav muaj tsos daj lis'),(232,'daim tawv nqaij los yog ob lub qhov muag muaj tsos daj'),(233,'ua npaws kub ib ce'),(234,'tsis xav noj dab tsi'),(235,'meem txom rau lub plab'),(236,'tso zis ua tsos dub'),(237,'tso quav ua tsos tshauv los yog daj lis'),(238,'mob tej pob qij txha sib txuas'),(239,'daim tawv nqaij thiab ob lub qhov muag muaj tsos daj'),(240,'mob yag txha'),(241,'ua xua'),(242,'tsos kob zis yuav tsaus'),(243,'tawv nqaij thiab lub ntsiab muag dawb yuav daj'),(244,'mob ib ce thiab tej pob qij txha'),(245,'qog ntshav caj dab thiab qog ntshav puab tais o'),(246,'lub cev tsis muaj zog zuj zus'),(247,'lub cev yuav tiv thaiv tsis tau lwm yam kab mob tuaj raug nws'),(255,'lub raum yuav ua hauj lwm tsis zoo'),(256,'ntshav sab vim nws cov ntshav liab tsawg ( anemia )'),(257,'pob khaus'),(258,'hlwv'),(259,'me nyuam hlwv'),(260,'hlwv yuav paim'),(261,'hlwv yuav qhuav ua kaub puab daj lis'),(262,'cov pob khaus no yuav pom tshwm ntau dua rau ntawm ceg , qee zaum kuj muaj rau ntawm caj npab , ntsej muag thiab ntawm cev'),(263,'qog caj dab o'),(264,'daim siab thiab tus po o'),(265,'hnoos qhuav'),(266,'mob tej nqaij thiab pob qij txha thoob ib ce'),(267,'tawm pom liab vog'),(268,'qhov muag , di ncauj , qa thiab nplaij liab ploog'),(269,'txhais tes thiab tej ntiv tev hle tawv lom zaws'),(270,'pheej sab heev'),(271,'kub ib ce siab'),(272,'rwj kiav txhab ntau rau ntawm daim tawv nqaij'),(273,'lub qhov ntswg ua kaub puab , los ntshav thiab txhaws'),(274,'lub ntsiab muag o thiab mob'),(275,'qhov txhab tsawg dua rau ntawm tej tawv nqaij thiab tsis hnov mob'),(276,'txhais tes , txhais taw thiab lwm qhov chaw ntawm lub cev loog'),(277,'kub ib ce kiag tam sid'),(278,'myalgia ( mob ib ce )'),(279,'mob muag liab'),(280,'sawv pob liab vog rau tej tawv nqaij'),(281,'daim npluag paj hlwb mob'),(282,'daim siab los yog lub raum tsis ua hauj lwm'),(283,'ua fem feeb'),(284,'mob tej nqaij pob txha'),(285,'caj dab txhav nrees'),(286,'feeb tsis meej'),(287,'mob pw tsis xeev los muaj'),(288,'ua pob tej thaj liab vog'),(289,'caj dab txhav'),(290,'mob pob qij txha'),(291,'mob rau daim npog hlwb ( meningitis ) ( cov hlwb o )'),(292,'lub plhu tej nqaij tsis muaj zog'),(293,'lub plawv tsis thooj li qub'),(294,'mob qij txha ( arthritis )'),(295,'mob qij pob txha / o'),(296,'qhov pw tsis xeev mus ntev loo'),(297,'caj pas txhav / khov'),(298,'tawm me nyuam pob dub hnyoo los yog liab vog'),(299,'tsis haum rau duab ci / teeb taws pom kev'),(300,'tsaug zog'),(301,'tsis ua si'),(302,'ua nyuj'),(303,'npau taws'),(304,'tsis noj mis'),(305,'raws plab nrog kua dej'),(306,'tsis muaj ntshav'),(307,'mob plab li plab ntswj'),(308,'ua npaws tas rov ua dua'),(309,'khaus tob hau'),(310,'mob plab ntswj lees'),(311,'mob qhov muag'),(312,'nyob meem txom'),(313,'khaus khaus los yog mob rau ntawm qhov chaw raug tom ntawd'),(314,'ua rau chua tej leeg pob qa thiab tej leeg nqaij tuav kev ua pa'),(315,'ib ce tuag tas muag ntag'),(316,'raws plab me ntsib mus rau raws plab heev'),(317,'hlab ntsws o'),(318,'hnoos hawb'),(319,'mob pob ntseg thiab mob ntsws dej rau cov me nyuam yaus thiab rau cov me nyuam mos'),(320,'nrom ncee'),(321,'txob taus'),(322,'mob rau tej hlab pas hlab ntsws'),(323,'sawv tej thaj pob khaus kheej kheej'),(324,'tus ntug pob khaus tej zaum kuj qhuav nti taw zawv , noo tsawv los yog nti ua kaub puab'),(325,'nyob hauv nruab nrab lub pob khaus kuj tsis pom txawv li cas'),(326,'chiv li tej pob kab ntxau'),(327,'thaj tawv taub hau ntawd cia li do'),(328,'cov plaub hau nyob ntawm qhov chaw mob txhab txiag ntawd yuav qhuav thiab tu nrhawv nrho'),(329,'noo tsawv thiab nrog kua yig ntawm lub qhov txhab los'),(330,'tej rau tes rau taw mas yuav ua cov rau tuab , cov tsos kob txawv , thiab nkig nkuav'),(331,'cov rau cia li phom phom ces tsis ntev cia li ua hmoov zeeg los'),(332,'mob tob tob rau tej nqaij pob txha'),(333,'raws plab hauj sim'),(334,'raws plab heev'),(335,'raws plab hauj sim los yog tuab nto'),(336,'tawv nqaij mob chob nkuav'),(337,'mob li riam lij'),(338,'ib cov pob tshwm ua tsheej koog los tsheej thaj , los yog , ua tej thaj pob rau ntawm tej tav los ntawm ntsej muag'),(339,'cov pob yuav rais zoo li cov hlwv muaj dej hauv , ob peb hnub tom qab , mas cov pob yuav qhuav thiab ua kiav txhab'),(340,'thaum nqos es mos qa'),(341,'kub tob hau'),(342,'qog rau ntawm caj pas'),(343,'tus nru o thiab feem ntau yuav muaj kua paug'),(344,'ntawm lub qhov ncauj sab saud yuav muaj tej kab kos liab liab'),(345,'kis qa'),(346,'lub raum o'),(347,'mob thiab o rau tej pob tes pob taw'),(348,'nws txawj txav nws , uas yam li tsis tau ua dab tsi rau li'),(349,'xoo pob liab vog'),(350,'me nyuam pob rau sab hauv qab daim tawv nqaij'),(351,'tso tsis tshua tau zis'),(352,'tso tau cov zis tsaus tsaus'),(353,'ib ncig ntawm qhov muag muaj ntsis o'),(354,'muaj ntshav siab'),(355,'mob pob ntseg'),(356,'mob rau cov roj ntsha'),(357,'mob ntshws dej'),(358,'mob rau cov roj ntsha ( blood infections ) thiab rau daim npluag qhwv paj hlwb ( meningitis )'),(359,'hnov ntxais ntxais'),(360,'tus cab no txeem los mus rau hauv daim tawv nqaij'),(361,'pob khaus khaus'),(362,'pob khaus liab'),(363,'nqaij qawj , los yog to'),(364,'tawm ua ib lub pob , tsis hnov mob thiab yuav hlav zuj zus ntawm qhov chaw xub tawm'),(365,'ua pob liab vog rau ib ce'),(366,'ua pob liab vog rau lub tsawj teg thiab hauv qab xib taws'),(367,'ua tej thaj dawb dawb ( kua nplaum ) rau hauv qhov ncauj los yog hauv chaw mos ( kis tau zoo heev )'),(368,'tej thaj plaub hau hle mus ib lub sij hawm'),(369,'ua ib cov pob su zoo li cos , ntub thiab hlav nyob hauv chaw mos ( kis tau zoo heev )'),(370,'ua tej thaj liab liab luaj lub txiaj npib'),(371,'hnov tsis xis neej'),(372,'tsis qab siab li'),(373,'ntshav ntsawj qis ( low blood pressure )'),(374,'lub raum pib tsis ua hauj lwm'),(375,'xoo pob'),(376,'mob tej nqaij pob txha thiab mob yas txha'),(377,'mob ntsws ua dej'),(378,'mob rau tej paj hlwb'),(379,'ua mob rau cov hnyuv'),(380,'mob cheeb tsam plab mog'),(381,'lub ntsej muag thiab ob lub qhov muag o'),(382,'phob vog tuaj'),(383,'hnoov'),(384,'hnoos tau cov hnoov qees muaj ntshav'),(385,'qaug zog zias'),(386,'tawm hws yav hmo ntuj'),(387,'pob khaus rau ntawm tej tawv nqaij'),(388,'tej qog nqaij hauv lub cev o'),(389,'mob rau hauv lub qa'),(390,'ua mob rau cov nhyuv'),(391,'cem quav'),(392,'cov ntshav koog tsis tau'),(393,'tej cuab yeej hauv lub nruab nrog cev los ntshav thiab lub cev tej qhov tawm rooj yuav los ntshav'),(394,'quaj tsis ntsiag'),(395,'tsis xav noj mis'),(396,'tus kub ntawm lub cev'),(397,'mob plab mog rau sab xis'),(398,'mob yas txha'),(399,'sawv pob khaus'),(400,'puab tsaig txhav'),(401,'kuv cev'),(402,'meem txom'),(403,'cov leeg nqaij puab tsaig chua'),(404,'chua leeg caj dab'),(405,'chua leeg caj npab , leeg ceg , thiab tej leeg tuav plab'),(406,'chua leeg'),(407,'tej pob txha los'),(408,'mob qa foob'),(409,'mob hnyav pw tsis xeev ( coma )'),(410,'mob qij pob txha'),(411,'lub paj hlwb o'),(412,'pw tsis xeev ( coma )'),(413,'tuav qog'),(414,'qog'),(415,'cov qog nyob hauv koj lub qhov ncauj thiab ncig lub qhov ncauj uas ua tau cov qaub ncaug ( qaub ncaug qog ) mob o tuaj'),(416,'ob sab plhu o'),(417,'o rau ntawm lub pob tsaig hauv qab pob ntseg'),(418,'nqos tsis tau'),(419,'mob cov qog qaub ncaug ncig lub pob tsaig'),(420,'qhua pias'),(421,'qoob'),(422,'qhua taum'),(423,'sawv qoob'),(424,'mob rau tej hlab pas'),(425,'hlwv dej'),(426,'nkees qaug zog zias'),(427,'tsaug zog zias'),(428,'nriaj ( qaug dab peg )'),(429,'plab nyhuv quav to los ntshav'),(430,'o thiab mob qog'),(431,'mob'),(432,'nti tau hnoos qeev muaj ntshav'),(433,'ua qog'),(434,'mob qhov muag liab'),(435,'ib co pob liab vog uas ri mus thoob ib ce'),(436,'mob rau lub qhov ntsej'),(437,'sab sab lim lim'),(438,'qhov muag muaj tsos liab , los kua , los sis conjunctivitis ( \" mob qhov muag liab \" )'),(439,'ua pob liab su tuaj uas yog pib rau saum kab plaub hau thiab txav mus rau ob sab caj npab thiab ob sag ceg'),(440,'caj dab txhav txhav'),(441,'tus neeg cia li nco tsis tau dab tsi ceev tam sid'),(442,'tej nqaij tsis ua hauj lwm'),(443,'pob kab ntxau'),(444,'rwj'),(445,'mob rau daim tawv nqaij'),(446,'mob rau hauv cov hlab ntsha'),(447,'kiav txhab voos'),(448,'mob rau hauv cov ntshav'),(449,'ua mob tau rau daim tawv');
/*!40000 ALTER TABLE `sosy` ENABLE KEYS */;
UNLOCK TABLES;

--
-- Table structure for table `sosyNames`
--

DROP TABLE IF EXISTS `sosyNames`;
/*!40101 SET @saved_cs_client     = @@character_set_client */;
/*!50503 SET character_set_client = utf8mb4 */;
CREATE TABLE `sosyNames` (
  `id` int NOT NULL AUTO_INCREMENT,
  `sosyID` int NOT NULL,
  `name` varchar(100) NOT NULL,
  PRIMARY KEY (`id`)
) ENGINE=InnoDB DEFAULT CHARSET=latin1;
/*!40101 SET character_set_client = @saved_cs_client */;

--
-- Dumping data for table `sosyNames`
--

LOCK TABLES `sosyNames` WRITE;
/*!40000 ALTER TABLE `sosyNames` DISABLE KEYS */;
/*!40000 ALTER TABLE `sosyNames` ENABLE KEYS */;
UNLOCK TABLES;
/*!40103 SET TIME_ZONE=@OLD_TIME_ZONE */;

/*!40101 SET SQL_MODE=@OLD_SQL_MODE */;
/*!40014 SET FOREIGN_KEY_CHECKS=@OLD_FOREIGN_KEY_CHECKS */;
/*!40014 SET UNIQUE_CHECKS=@OLD_UNIQUE_CHECKS */;
/*!40101 SET CHARACTER_SET_CLIENT=@OLD_CHARACTER_SET_CLIENT */;
/*!40101 SET CHARACTER_SET_RESULTS=@OLD_CHARACTER_SET_RESULTS */;
/*!40101 SET COLLATION_CONNECTION=@OLD_COLLATION_CONNECTION */;
/*!40111 SET SQL_NOTES=@OLD_SQL_NOTES */;

-- Dump completed on 2020-11-11  9:24:25
